{"cameraMode":{"drawMode":0,"name":"Shaded","section":"Shading Mode"},"sceneLighting":true,"audioPlay":false,"sceneViewState":{"showFog":true,"showMaterialUpdate":true,"showSkybox":true,"showFlares":true,"showImageEffects":true,"showParticleSystems":true},"in2DMode":false,"pivot":{"x":0.06789946556091309,"y":0.3801689147949219,"z":0.5572142601013184},"rotation":{"x":-0.15507489442825318,"y":-0.12118299305438996,"z":0.019170895218849183,"w":-0.9802545309066773},"size":5.274428367614746,"orthographic":false}