{"cameraMode":{"drawMode":0,"name":"Shaded","section":"Shading Mode"},"sceneLighting":true,"audioPlay":false,"sceneViewState":{"showFog":true,"showMaterialUpdate":true,"showSkybox":true,"showFlares":true,"showImageEffects":true,"showParticleSystems":true},"in2DMode":false,"pivot":{"x":6.178762912750244,"y":2.6305222511291506,"z":-1.3332653045654297},"rotation":{"x":6.783889716643898e-8,"y":-0.22251978516578675,"z":2.9486820096735756e-8,"w":0.9749284386634827},"size":33.981544494628909,"orthographic":false}