{"cameraMode":{"drawMode":0,"name":"Shaded","section":"Shading Mode"},"sceneLighting":true,"audioPlay":false,"sceneViewState":{"showFog":true,"showMaterialUpdate":true,"showSkybox":true,"showFlares":true,"showImageEffects":true,"showParticleSystems":true},"in2DMode":false,"pivot":{"x":-0.25644582509994509,"y":0.000003814697265625,"z":-0.5361366271972656},"rotation":{"x":-0.00654125539585948,"y":-0.895065188407898,"z":0.4456939101219177,"w":-0.013136954978108406},"size":18.627592086791993,"orthographic":false}