{"cameraMode":{"drawMode":0,"name":"Shaded","section":"Shading Mode"},"sceneLighting":true,"audioPlay":false,"sceneViewState":{"showFog":true,"showMaterialUpdate":true,"showSkybox":true,"showFlares":true,"showImageEffects":true,"showParticleSystems":true},"in2DMode":false,"pivot":{"x":-0.8142743110656738,"y":6.224827766418457,"z":-21.69136619567871},"rotation":{"x":0.22995281219482423,"y":0.6716794371604919,"z":-0.23232419788837434,"w":0.6648262143135071},"size":45.49632263183594,"orthographic":false}