{"cameraMode":{"drawMode":0,"name":"Shaded","section":"Shading Mode"},"sceneLighting":true,"audioPlay":false,"sceneViewState":{"showFog":true,"showMaterialUpdate":true,"showSkybox":true,"showFlares":true,"showImageEffects":true,"showParticleSystems":true},"in2DMode":false,"pivot":{"x":122.5028076171875,"y":-5.217035293579102,"z":1.8044852018356324},"rotation":{"x":-0.0848613828420639,"y":-0.6819818019866943,"z":0.08015868812799454,"w":-0.7219930291175842},"size":24.609355926513673,"orthographic":false}