{"cameraMode":{"drawMode":0,"name":"Shaded","section":"Shading Mode"},"sceneLighting":false,"audioPlay":false,"sceneViewState":{"showFog":true,"showMaterialUpdate":true,"showSkybox":false,"showFlares":true,"showImageEffects":true,"showParticleSystems":true},"in2DMode":false,"pivot":{"x":-1.3557926416397095,"y":0.31783103942871096,"z":-0.012293338775634766},"rotation":{"x":-0.008973897434771061,"y":-0.07582227885723114,"z":-0.0006823901203460991,"w":0.9970808029174805},"size":5.298358917236328,"orthographic":false}