{"cameraMode":{"drawMode":0,"name":"Shaded","section":"Shading Mode"},"sceneLighting":true,"audioPlay":false,"sceneViewState":{"showFog":true,"showMaterialUpdate":true,"showSkybox":true,"showFlares":true,"showImageEffects":true,"showParticleSystems":true},"in2DMode":false,"pivot":{"x":55.074832916259769,"y":-43.541011810302737,"z":79.77523803710938},"rotation":{"x":0.1600586622953415,"y":0.30118945240974429,"z":-0.05135948210954666,"w":0.9386358857154846},"size":161.19203186035157,"orthographic":false}